H,M
1.3884443038474619,-0.0001896606510215727
1.473020847214544,-0.00019691182398856566
1.459198996432145,-0.00020328224229459183
1.5799756887765226,-0.00020882129403160235
1.5789884129548069,-0.00021352897918703462
1.6370731521780864,-0.00021789917889448781
1.7874683132299327,-0.00022150386281025744
1.7535717961710078,-0.0002246722850415033
1.8314021614786709,-0.00022815349867483229
1.8676023472815297,-0.0002311737565562842
1.9113716765866826,-0.0002337742154496656
1.9256872124067346,-0.0002364158311070172
2.0286933007032126,-0.00023890105106079141
2.0589698672511516,-0.00024119694989963437
2.0074667993577475,-0.00024350931144417198
2.099283785765595,-0.000245665277283779
2.1986699954422977,-0.00024768131012456836
2.097473772802141,-0.0002494586337292524
2.2203901719576846,-0.0002510713302753025
2.226478404003428,-0.00025264287005622945
2.260375053327878,-0.00025439549960158214
2.2773233818558896,-0.00025551431495365634
2.3827979901438385,-0.0002560980923608211
2.3191183002240088,-0.0002576120126683301
2.290651680870657,-0.00025943872439146106
2.234870291958096,-0.00026083740575858156
2.338041201584719,-0.0002619397584162836
2.328991117914804,-0.0002625893866493123
2.27946249146597,-0.0002630661564665491
2.358115935331212,-0.0002634770754575451
2.3176373776474612,-0.00026395384527377587
2.290816227782136,-0.0002649574216940044
2.2690960375868943,-0.00026606800570479
2.2399712437666124,-0.0002667505593508595
2.23717394758481,-0.00026696392586496233
2.2672860219296527,-0.00026706205343319026
2.3001954021430766,-0.00026732480806648936
2.252147710314008,-0.0002675957940530868
2.358938670400377,-0.00026800671304395363
2.2503376949324463,-0.00026888681916735225
2.2435912742232587,-0.0002697175371717059
2.220883812381566,-0.0002702272324023307
2.1907717504686275,-0.00027016896425535893
2.308258201795203,-0.00027001191986930476
2.290816227782136,-0.00027000303984415136
2.205087319887969,-0.00026981307004610416
2.2551095537290125,-0.0002696724883681169
2.216605595446395,-0.0002691861898464808
2.2320729959035384,-0.0002690456081619136
2.174646168681008,-0.00026942360174061054
2.150622346963417,-0.0002694805725422236
2.0270478353490473,-0.000269134207029112
1.917624439157179,-0.0002687549161026805
1.9298008724285656,-0.0002689929766751353
1.8269594121044637,-0.0002691981118342169
1.7218143875384835,-0.0002689669852693614
1.644148631969629,-0.00026853007486971243
1.5768493153645116,-0.00026787914928131284
1.5009936443876917,-0.0002670635966235709
1.4860199699510934,-0.00026602579742126376
1.471046297024615,-0.00026485629656251413
1.4318843902854015,-0.00026385142277404825
1.3894315784031341,-0.00026279716086419387
1.31966419178988,-0.0002616276600052823
1.23525227640257,-0.0002606474802777008
1.1371831261792105,-0.0002595273675396618
1.068732208452044,-0.0002580368438908267
0.9866240503181963,-0.00025618414068096944
0.9124141024055812,-0.000254068034152592
0.8209269321644064,-0.0002518284573178149
0.7243389020984079,-0.0002494407161148356
0.6632926562816551,-0.0002468142656506341
0.5992846153622934,-0.0002439326432163697
0.4984185080104734,-0.0002406559157916535
0.38932519296692275,-0.0002369676206663026
0.31922905828386516,-0.00023314762387569544
0.26443561236937707,-0.00022901483562679566
0.17508776136787657,-0.0002246351067531379
0.10071350915864868,-0.00021984381016348974
-0.01891053377108165,-0.00021435284845320413
-0.06070489545129758,-0.00020854909527286017
-0.1340918361746069,-0.00020225969217017905
-0.1635453361650238,-0.00019522946714416162
-0.21850325909041263,-0.00018756542779389416
-0.30275012470977863,-0.00017902063345215984
-0.3486580800040036,-0.00016911766548537494
-0.43455037577341993,-0.0001575190382565816
-0.4876982862354321,-0.00014337692196224973
-0.5559842971743141,-0.00012451000665698072
-0.5994240708248175,-9.679438037670151e-05
-0.652242884841999,-5.7044503399564266e-05
-0.7628168465076938,-7.886177124053541e-06
-0.8194201828750085,4.248215988482198e-05
-0.8791498662278886,8.547519400917388e-05
-0.9615867029226315,0.0001175945980787214
-1.060807090844998,0.0001406348119942195
-1.1384721419442716,0.00015805300831451904
-1.1968854783793819,0.00017180825086304463
-1.2434516055100122,0.00018285537725856773
-1.3742645924424561,0.00019213276221744963
-1.3643919133167068,0.00020020013796301635
-1.4469933336225507,0.00020713158673655216
-1.4743077501298891,0.00021315758649029565
-1.5697436746229407,0.00021871439903641874
-1.6732423115756305,0.00022355508375195517
-1.638029735955415,0.00022773726012527263
-1.659256007817262,0.00023144201795961082
-1.811295383970002,0.0002349409919415948
-1.821003528090861,0.00023848112269371993
-1.8379516447524658,0.00024200479073775051
-1.9361849205258015,0.00024530621222404664
-1.9325649332787955,0.0002481219838277709
-2.0130273872719338,0.0002505261877386157
-2.0115464830137686,0.00025274107051203774
-1.9931174528740836,0.00025510411765390824
-2.048733636696018,0.0002571708360625658
-2.1023752918473755,0.00025901530791896585
-2.137587917871426,0.00026095855601928047
-2.1226143239922712,0.0002626137067407371
-2.310853854530149,0.00026422770069383663
-2.2935766188152056,0.00026617094879454275
-2.35593921859328,0.0002679084130547347
-2.4158336578643493,0.00026936601128911455
-2.324675644028497,0.000271004699303035
-2.2776157450478745,0.00027260223054878497
-2.18612869516054,0.0002731626112610074
-2.366634652989917,0.00027348428271950866
-2.2927538933368328,0.00027410228289645347
-2.3304347232311926,0.0002744980365293777
-2.340471975902711,0.0002751489621177572
-2.3700901011350153,0.00027620322402858197
-2.2891339012662364,0.0002771010902243916
-2.22068315244254,0.0002771017388975511
-2.272843937635849,0.0002767731334377758
-2.2677430401633023,0.0002767079312832833
-2.33421926107186,0.00027692259514144554
-2.271363031906764,0.00027701378869983266
-2.281893917292006,0.0002771708330852867
-2.3072338621789816,0.0002779616916842345
-2.292260258051194,0.0002787360875763955
-2.209658634599501,0.0002784980270070732
-2.28666572488641,0.00027830112320474296
-2.367128288435942,0.000278746264957496
-2.344585604174671,0.00027887861528320154
-2.2799193762466476,0.000278319531935036
-2.2415803741860474,0.0002781143967809937
-2.267907585241359,0.0002788640986113411
-2.2629712329489386,0.00027907876247620575
-2.3110183996383626,0.00027914526197848097
-2.178724169217927,0.0002802324493040776
-2.0854271604074284,0.0002813525620434889
-2.0164828305704,0.00028160015131784455
-1.892086896897874,0.00028096698579101913
-1.88517601314987,0.0002801527304931258
-1.8493052379386075,0.00027970065473504246
-1.7007212862500245,0.0002793638179219987
-1.6210816281779803,0.00027874711510035924
-1.5666173250748456,0.00027791639709559036
-1.509026679167742,0.000277028059618937
-1.476611375681745,0.00027576107990066065
-1.447157878296226,0.00027445294341685116
-1.3903899686820305,0.0002733752848184198
-1.3560001361794423,0.00027212476780564534
-1.292156815491952,0.00027060261614251667
-1.208732690703456,0.00026915454665678664
-1.1238276721883331,0.00026778879070109057
-1.0973359914064718,0.0002662666390378639
-1.0394162936467937,0.00026452224084429427
-0.9161723974562894,0.0002625967528855828
-0.8110284091874862,0.0002603337794593987
-0.7304015635205463,0.00025780740274127
-0.6593183021779323,0.00025513286167328365
-0.5612497243584189,0.0002521866859639439
-0.4766737973131209,0.0002490676518477529
-0.41579228897735276,0.0002455699755100468
-0.3493162585524591,0.00024179243318328566
-0.24334950389359045,0.00023784203245329056
-0.18180979620496812,0.00023363645979530137
-0.09772745666517611,0.00022891231193596283
-0.01282237838482711,0.00022360373805939835
0.024364734827592167,0.00021785890251512047
0.10186532268193976,0.00021159549178560426
0.16324053430151902,0.00020475588641390578
0.2543983755781158,0.00019727423559164208
0.3098499992761214,0.00018888713607600953
0.3722125200206334,0.00017931472193047053
0.44329593758717517,0.0001683347467054583
0.4766985684401467,0.00015507468725722517
0.5346184113571417,0.00013811875144656332
0.6262700083860628,0.00011405092967565624
0.6925816886030449,7.890371304024522e-05
0.7651461054176475,3.30639763572398e-05
0.8281669225609494,-1.713837401335616e-05
0.8929977570504997,-6.278878972759396e-05
1.0050531327547731,-9.875090986034138e-05
1.026114943473756,-0.00012516466614208486
1.152156767972363,-0.00014474640259741996
1.194115881011653,-0.0001602536207726012
1.258124116622972,-0.00017285517215110739
1.3400678582676488,-0.00018315194521627626
1.3856470259738625,-0.00019191768690863815
1.4202016385558132,-0.00019919355392590123
1.5154736826509543,-0.000205596897641439
1.4883236120735723,-0.0002115804423973421
1.5941266429731822,-0.00021688078492121163
1.6449713622013065,-0.00022172017171537956
1.6949933695012556,-0.00022632084929088335
1.7334971639322416,-0.0002305264219473672
1.831073068927197,-0.00023421341939554159
1.890145195444717,-0.0002376040881496519
1.8922842980334882,-0.00024074781632393887
2.018326869347275,-0.0002441549477820422
1.9419773068900217,-0.0002471669743064159
1.9669883652145337,-0.0002492323952642498
2.0324778711032465,-0.00025103441292878917
1.9778484315951728,-0.00025250717647319105
2.1372940644723832,-0.0002540787162529684
2.1384458912937045,-0.0002562429134452429
2.2445785552772155,-0.0002584811928137415
2.2760070067317817,-0.0002603819867133051
2.2763361005113407,-0.00026185475025770693
2.299043573669695,-0.00026361561115397934
2.33919303046953,-0.000265137762809873
2.2457303831845157,-0.00026580385375134366
2.3248774437682935,-0.00026681566152281125
2.3103973120065278,-0.00026807440988861365
2.3503822259876492,-0.0002692261506647977
2.292626243824625,-0.00027030380926299256
2.3436357991398253,-0.00027168602792249574
2.302005418339939,-0.0002729283135784028
2.241123071626482,-0.00027320753091694206
2.327345648237553,-0.0002732233449520033
2.238325775415918,-0.00027336262928668984
2.3372184666744826,-0.00027338667467503614
2.2618559751349423,-0.0002737317428389158
2.269589678225812,-0.0002746200803155692
2.2016318374490216,-0.0002755084177922226
2.2587295846764817,-0.0002760345757286301
2.3294847588228293,-0.00027626440494933965
2.2773233818558896,-0.0002763789952240813
2.2570841160494095,-0.00027655120497165574
2.294271712979981,-0.0002767728028390105
2.225820216739365,-0.0002768380049940117
2.2728806158747545,-0.0002774217823995108
2.262020522003611,-0.0002780631792781218
2.331952963396556,-0.0002781283814331463
2.1356485976046424,-0.0002783582106533082
2.2212129059986885,-0.0002786045025800835
2.2034418520467605,-0.00027905657833641925
2.2922971499965055,-0.00027911354913035034
2.0785509116693657,-0.0002785202430157963
1.975215688141867,-0.0002781821088570088
1.897220688761275,-0.00027786043740502133
1.8193902838921456,-0.00027712719828084964
1.8090238698826429,-0.00027607293637165565
1.7300416947522645,-0.00027495282363413254
1.6184794511796279,-0.0002738574049571773
1.580469326689942,-0.0002727949116944135
1.5424592123282344,-0.00027188058279442064
1.4784508603715574,-0.0002708674776516912
1.4404407724031154,-0.00026979675303468034
1.3935452224528497,-0.000268874192781592
1.3430296810386473,-0.00026774584869043846
1.3069941744013078,-0.000266494034296092
1.2130386216421933,-0.00026522575719460927
1.147055856887198,-0.00026372700219179796
1.0537585736799466,-0.0002620306947022964
0.9775740551367225,-0.00026016976013878805
0.9050095636985735,-0.00025809481037915923
0.8187878441408993,-0.00025591285302069516
0.7467170449096846,-0.00025363211941709096
0.6519390436345913,-0.00025112913926021274
0.5563383558514089,-0.0002482969049493065
0.4676485941497217,-0.00024511072241875236
0.37517432872616774,-0.0002414882781256166
0.3151154358760179,-0.00023764358727268873
0.24041206254529496,-0.00023355195579510745
0.1880868026486025,-0.00022920515233833906
0.0758672468792946,-0.00022460317689945486
0.004619364562428702,-0.00021939208123855392
-0.06267943212537362,-0.00021360479076686155
-0.09657564369432949,-0.0002073812385026089
-0.1589380848825211,-0.00020054033463598478
-0.25750034483196776,-0.0001929092207043165
-0.3271027322029306,-0.00018433973229804227
-0.38436426540606194,-0.00017466724228634893
-0.43685400043947575,-0.00016331555572623047
-0.527518081068705,-0.00014924752163993234
-0.5443016305304561,-0.00013087448782041704
-0.6387502284549286,-0.00010392437797251882
-0.7289206622609148,-6.459430047250759e-05
-0.7837140085237715,-1.5510056474892815e-05
-0.8289637686351237,3.489120600263916e-05
-0.8979079486824255,7.799124784101913e-05
-0.9750793590361251,0.00011031643593968201
-1.0665661516807965,0.00013388345677513912
-1.1068795782058902,0.00015182845998128476
-1.2526661044658578,0.00016603642711899742
-1.2806386912332823,0.0001776268229993922
-1.33428024291016,0.00018730754436930346
-1.4032244521147728,0.00019561362941402995
-1.4295515984867613,0.00020248745870632013
-1.5733636583365544,0.00020852168981405901
-1.5437456105927527,0.00021412789048816212
-1.5708954876196544,0.0002189027243690016
-1.6722550430593588,0.00022317544563793933
-1.6969367566914062,0.00022732469659410544
-1.7160239496202356,0.00023124346963441673
-1.840419817151877,0.00023489883934343618
-1.8367998309722005,0.00023821672353772322
-1.8935678005773597,0.00024099133837241217
-1.9547784920541071,0.00024355193800564362
-1.9282867665866046,0.0002458738283795382
-2.0164828305704,0.0002479899349080659
-2.069795389622703,0.0002501718922664684
-2.085262615447165,0.0002521727598427144
-2.165560568073334,0.0002536468207860452
-2.1423597226932354,0.00025483278435206266
-2.229568585092118,0.00025635623341569173
-2.2496430822665014,0.00025817601121033273
-2.2397703785313117,0.0002602591923241478
-2.2376312927748785,0.0002621283582429024
-2.4197827423477962,0.00026403044957679935
-2.2990066070449164,0.0002661465561057568
-2.306575681757559,0.0002678264008885027
-2.275476658954766,0.00026844440107198406
-2.3075629523903918,0.0002688319233556519
-2.3694319205318233,0.00026951577435908067
-2.284197548532434,0.00026991152799145325
-2.2896275365453076,0.0002709740212591703
-2.2540857990786796,0.0002721682161817174
-2.1862932401839426,0.00027262982064193313
-2.2557312497706223,0.0002723176778922356
-2.322536557504305,0.0002720549232627582
-2.351990135252472,0.0002721543481746903
-2.3090438583475077,0.00027244309421524783
-2.2907793522005035,0.00027292939273564553
-2.2113040849927263,0.000273654400507711
-2.2628066878742783,0.0002746675056496591
-2.2761348392890537,0.0002754007447726963
-2.2609966920604716,0.000275656565399299
-2.191394135962557,0.0002754349675319841
-2.201595927829754,0.00027516398154498866
-2.258199425829626,0.00027426741272075343
-2.3424465174639475,0.000273823568331414
-2.373216459026733,0.00027403000083907
-2.230226765301163,0.0002735943877874938
-2.1760914489347525,0.00027350449157563907
-2.2136077155615483,0.00027403194686267084
-2.257870335686962,0.0002747651859856677
-2.202583198032471,0.0002754408056346413
-1.9330585679009051,0.00027577893979372967
-1.9356912858987256,0.00027571373763923715
-1.9513230494725338,0.0002755003711251044
-1.7795382364266648,0.00027522938513825494
-1.7178339421016695,0.00027489254832524426
-1.694304040498073,0.00027444870392047567
-1.60380443161097,0.00027378261297897875
-1.541277440030897,0.0002727872679124915
-1.4989894529974395,0.0002717096093144938
-1.4590050949297457,0.0002708212718377218
-1.421324365117779,0.00026992470300781694
-1.36143010960875,0.0002687811935853534
-1.2980804223229754,0.00026739897492346397
-1.238021632959189,0.0002660496816737451
-1.1490029967192723,0.00026479916466069526
-1.0715024895583194,0.00026342517735227573
-1.0147346049191104,0.00026164785374708664
-0.9257159833348255,0.00025962358955336083
-0.8149774791584259,0.0002573276907151913
-0.7062135095279993,0.0002547601572330053
-0.6533946969681758,0.00025194568316801245
-0.5760587381994904,0.00024878549228843914
-0.4677883882405819,0.000245485368413225
-0.380250649662825,0.0002420288488380328
-0.33220361609386606,0.0002382595378641564
-0.27115755146850384,0.00023414451008387733
-0.1946442812618221,0.00022967553414745214
-0.11451101677972352,0.00022485261005786303
-0.024175965386046258,0.00021984036486388816
0.052995523436804644,0.00021431777583134202
0.11864889157395407,0.00020812844727039541
0.20338947213915853,0.00020132176730768402
0.25242383723041295,0.0001937001835043135
0.3157736154574838,0.00018544478561292895
0.36233982455646635,0.00017623455093567525
0.4243732667756621,0.0001653615832799053
0.4984185080104734,0.0001523896211030971
0.5586419864390635,0.00013591110361512416
0.6129418565718536,0.00011200790884221154
0.6613181149116529,7.705001318825553e-05
0.7605388401437068,3.1498373640847675e-05
0.7850560743441113,-1.8440573651510455e-05
0.8823023133832991,-6.409922072857311e-05
0.9834976882976134,-9.976501229538386e-05
1.0636312997647799,-0.00012588244006169242
1.1185894848574212,-0.000145455945149039
1.1852304209221998,-0.0001603787374300998
1.2647059417338629,-0.00017244525100040868
1.2944887036713617,-0.00018228929973436927
1.419049818011199,-0.00019056116032775005
1.425796195610367,-0.00019762301219736276
1.5268273500163425,-0.00020382880346271953
1.507575479785173,-0.0002091867654467284
1.6245676538894416,-0.00021409200305926455
1.681994227693993,-0.0002189807779669808
1.7163843650526724,-0.00022305464898216847
1.796189263203737,-0.00022671695237274449
1.823668486740437,-0.00023030517358973326
1.8455531419864337,-0.00023345713311595206
1.9457618746010217,-0.00023652677911565942
1.9551410211661144,-0.0002393906412958377
1.9957839978798688,-0.00024196640613070164
1.9841011975237304,-0.00024441046932000796
2.1132702505165746,-0.000246385345395627
1.9798229892222954,-0.0002481544376484007
2.1104729574326644,-0.00025007169425400323
2.2480340390347258,-0.0002518984059769096
2.1710261404292064,-0.00025349463981718144
2.2965753698388167,-0.0002549920974213342
2.3322820573439516,-0.0002565471744963849
2.2962462759988864,-0.00025839034892547033
2.3915189842031426,-0.0002599948141169355
2.2952589944850037,-0.0002612453311300246
2.2551095537290125,-0.00026272632602775863
2.352356790022717,-0.00026414147010094164
2.2554386474466486,-0.00026488164321896254
2.335408449893908,-0.0002654818833341148
2.2853861798330275,-0.00026610681750899296
2.2631723500911116,-0.0002667976025088688
2.3054609038895655,-0.00026766947727915744
2.2704124126288896,-0.0002685742774618661
2.3087518426094933,-0.0002688123380273921
2.1563814818492064,-0.00026819433785279384
2.3702924149967077,-0.0002680619875249652
2.2934489783992285,-0.00026877746658416084
2.385101648882804,-0.0002696411100010861
2.3243838028811514,-0.00027025781282347876
2.2914744154305087,-0.00027105560541497756
2.194556326116697,-0.00027174639041458934
2.210681910726938,-0.0002719844509884379
2.277817022531467,-0.00027219781750254077
2.2151246742374036,-0.00027262519920097773
2.2223647336661854,-0.0002727644835335048
2.3015117775560174,-0.00027252512561529765
2.238161228582178,-0.0002728208056591174
2.3049672630900977,-0.0002734786652472636
2.1757979958760454,-0.00027395543506521507
2.2170992358537096,-0.0002742181896986601
2.1415722784379008,-0.00027435747403332673
2.095992853125518,-0.00027466961678642256
1.920421727776667,-0.00027494883412638473
1.922231738093216,-0.0002747094762066558
1.8786269513574854,-0.0002741326327992337
1.7930628848445462,-0.00027351463262460194
1.7188525570645807,-0.00027273200538076206
1.6790323980880326,-0.00027169420617834713
1.559571989845254,-0.0002706234815619293
1.5414719367640386,-0.00026960214506677855
1.5189291465384498,-0.00026858903992513347
1.4779572228036566,-0.00026772409914656205
1.3935452224528497,-0.00026690031513546897
1.3348023957002915,-0.00026588720999358814
1.2698068563762577,-0.0002648494107912305
1.229164089248869,-0.0002637375294067748
1.1347149435894401,-0.0002622634684651708
1.0823894808068517,-0.00026078940752356664
1.0065340412432737,-0.00025924949575268627
0.8869095813545238,-0.00025738032983582963
0.8156614847613755,-0.0002551736784155119
0.7419452348540643,-0.0002527365490897713
0.6567108517806761,-0.000250151255394842
0.5514020046641165,-0.000247376640561308
0.45958589004216355,-0.000244445630003534
0.4135132997703679,-0.00024109482039278785
0.32778539307345966,-0.0002373242117265997
0.24715840169643427,-0.0002331749607695954
0.18973225094749568,-0.000228787000541739
0.07619633643519311,-0.000224086248850666
0.0051129988074445215,-0.0002186858320383564
-0.06070489545129758,-0.0002128738475035251
-0.10118289556080602,-0.0002067079147211334
-0.17226620455182073,-0.00019976000324137348
-0.2550321749250443,-0.00019196426221135236
-0.30061104427912755,-0.0001832713034777512
-0.37432704295373337,-0.00017344241771308433
-0.4447521421059698,-0.00016210719386996932
-0.4873691970156353,-0.00014832725725972689
-0.5490734239617433,-0.00013025055230139385
-0.62904209757807,-0.00010358030869042444
-0.6886072388062082,-6.471941891902415e-05
-0.6891008725664084,-1.602204909756838e-05
-0.8243565203372778,3.436275063597855e-05
-0.859898150078304,7.770973338129422e-05
-0.9476004131232212,0.00011060288536624314
-1.0502762368028415,0.0001347378699831904
-1.140117587996185,0.00015311090376889875
-1.2062645214566272,0.00016766458788485187
-1.2676396654936493,0.00017966655155216398
-1.3318120732649612,0.00018962713901483693
-1.3890736114222106,0.0001976368952826801
-1.3635691900631277,0.00020460126946940147
-1.4993185423769395,0.00021122815811158352
-1.55740282126541,0.00021688374691936272
-1.5687564063423214,0.00022185613330170757
-1.6459278834994588,0.0002266885866611244
-1.7181630316446588,0.00023082960626533293
-1.733136606148913,0.00023455905816091157
-1.760451040288376,0.0002382638159942596
-1.9009723190769372,0.00024163931966696267
-1.9047568508205035,0.000244422165855473
-1.904592305961156,0.00024720501204398366
-1.9842320280405559,0.000249996089586319
-2.0233937172912864,0.0002524414502659153
-1.9865356566755212,0.000254648101685977
-2.112906170170772,0.0002565090362493356
-2.151574242595796,0.00025785139553459306
-2.2223286029090104,0.00025892212015093
-2.1663832931250497,0.00026031386755688655
-2.2575412455447488,0.0002621254139981859
-2.265603954158882,0.0002639698858540962
-2.324182008674993,0.00026558387980715856
-2.319410200312417,0.00026698385856621805
-2.2565539751208106,0.0002678405679933343
-2.318916564970208,0.00026854088170320096
-2.2963738854632676,0.00026908479969900553
-2.2851848190709254,0.0002700979048502214
-2.303942960090493,0.00027181890640107004
-2.2899566267319305,0.00027307895215001655
-2.2628066878742783,0.00027386157939415865
-2.220354062350563,0.0002746524379918133
-2.265603954158882,0.0002751222738081011
-2.335206531823219,0.0002750241462398898
-2.222164057861869,0.000275263504159919
-2.3041075051938127,0.0002761860644139761
-2.1960013967545082,0.0002769110721864309
-2.2927538933368328,0.00027715043010461803
-2.1956723066951422,0.0002776367286251095
-2.332244719581953,0.00027802425090548116
-2.1468024376055874,0.00027780265303892963
-2.3141447567166247,0.0002774411221663621
-2.31332203116562,0.00027724421835873306
-2.262477597725297,0.00027732718056409824
-2.1785596241994316,0.00027738544870963813
-2.325333824501486,0.00027758364986312173
-2.2517821681288264,0.0002777406942502961
-2.315625662715808,0.00027814467924208903
-2.211468630032648,0.0002783758058162878
-2.2083422742927565,0.0002781706706577042
-2.09135077904298,0.0002782947896291315
-2.0679853951680176,0.0002780731917623742
-2.027507340418218,0.0002775305711187916
-1.9588921142260631,0.000276773935292595
-1.8509506862581229,0.0002760008367600303
-1.8233071555492304,0.0002755240669424494
-1.7472874573216262,0.0002752119241891446
-1.6706095955375566,0.0002746199154271318
-1.6510287705337612,0.0002736739584785577
-1.568591861629089,0.00027257983717397555
-1.5358474648392306,0.00027161741751949406
-1.4145780338424212,0.0002706879232773668
-1.3885799774505074,0.0002695608765604041
-1.3003840472146229,0.00026840913578417074
-1.2701078349210806,0.00026715038741819135
-1.2269971433423903,0.0002657352433441838
-1.1476866398668102,0.0002642460170929838
-1.061629813820155,0.00026260039513493626
-0.9647130500643428,0.0002606337504121076
-0.8776689649839379,0.00025861771757157155
-0.8074084283800994,0.00025656875931954267
-0.7397806048173979,0.00025417408424683555
-0.6560274103969056,0.000251433692356574
-0.5424916399136794,0.00024840520312009826
-0.44738485597924993,0.0002451626987136932
-0.3891360596408307,0.0002416074029072709
-0.3256218304210492,0.00023759115135755385
-0.26474030983404395,0.0002332950338222411
-0.16782349803342012,0.0002288178265333506
-0.10200561910365528,0.00022411837272908898
-0.032896836355789966,0.00021932837404860985
0.026997450935568296,0.00021401980017447773
0.09462535202359938,0.00020783047161499908
0.18298591297287717,0.00020110610517019907
0.25670200366596574,0.00019387139490515648
0.32712721346553747,0.0001856818478305979
0.38290794049122867,0.00017649630720475705
0.44329593758717517,0.0001659772876532444
0.5091139334664012,0.00015327696006017455
0.5760837615860748,0.0001369795322771208
0.6254472829437254,0.00011358668113228482
0.6731653633859955,7.957539046271077e-05
0.7649815602275991,3.459994520938975e-05
0.8531778004275745,-1.5297845351966026e-05
0.8571268866851838,-6.098118647145586e-05
0.98678859568913,-9.723963510823248e-05
1.0609985727564637,-0.00012377686161932027
1.141461309417386,-0.00014372077747818558
1.2350877308008974,-0.00015926092103282576
1.2413404637788725,-0.00017144267351487983
1.300905984582791,-0.0001815748195544425
1.3879506665719838,-0.00019008538934253493
1.4180625432655791,-0.00019723778608628266
1.4243152834289068,-0.0002034271146457613
1.5745456718415498,-0.00020876038257697772
1.5796465968351918,-0.0002137067769521987
1.5982402927134316,-0.00021840623075530387
1.70684068969738,-0.0002227846618152099
1.7591663663498334,-0.00022703139123549386
1.7693682302242117,-0.00023091594114486646
1.8929424834527047,-0.00023452885641995645
1.9148271506002201,-0.0002375820397114941
1.9696211084912938,-0.0002401660358992648
1.957609217748948,-0.00024265948720594602
1.9771902457265416,-0.0002450376995732624
2.037249720908053,-0.00024730890435333176
2.0984610525969294,-0.0002493084744881019
2.1781016503009214,-0.00025101994726986336
2.161646976854024,-0.00025263264381609313
2.231085714959748,-0.0002545169750095524
2.2694251313459284,-0.0002565247764973532
2.2613623345303964,-0.00025860666016105704
2.2679442094379616,-0.0002603757524110026
2.299537214442523,-0.0002618155905438094
2.260375053327878,-0.0002634529811490117
2.37967159622027,-0.0002645059456834009
2.3309656815603446,-0.0002649004019691151
2.4407185678690295,-0.00026587928432564246
2.2901580401376957,-0.00026710510727789014
2.2536286320116754,-0.0002678288176914297
2.2435912742232587,-0.00026890647628700296
2.2618559751349423,-0.00027004175435485305
2.2407939779510246,-0.000270148113271959
2.2679442094379616,-0.00026972766557934434
2.3199410349974365,-0.000269949263442849
2.307270920173296,-0.00027033548837335355
2.3433067051580028,-0.0002706064743593739
2.239313056423434,-0.00027137957289154294
2.286538008163527,-0.0002725066196082889
2.1713552339019144,-0.0002730080834787613
2.239477603258866,-0.00027284280774064236
2.299043573669695,-0.0002731714131985382
2.255274100587709,-0.00027358233218953415
2.1407495449707152,-0.0002736310716379552
2.254286819439174,-0.00027348225860637624
2.252312257168333,-0.00027348160993389897
2.3215865045628985,-0.0002740571559894113
2.3395221244388646,-0.0002746738588111499
2.2574132097728787,-0.00027520824810131205
2.2330602768560097,-0.00027573440603823545
2.1627988039184713,-0.00027615355638361584
2.110143864133076,-0.00027616113906282655
2.0815127506027338,-0.00027593824385065873
1.9564573926708153,-0.0002758141248791315
1.831895800307453,-0.0002756241550810176
1.805897491216411,-0.000275244864154586
1.7019043061567585,-0.00027477502834124965
1.6401995269253455,-0.00027426403576065315
1.5972530167648809,-0.00027353902799121904
1.560723811481835,-0.000272863408342487
1.5253464368317124,-0.00027215486327988636
1.4332007567336595,-0.0002712323030267039
1.38219156514078,-0.0002703755936012045
1.3348023957002915,-0.0002695353468827538
1.2990959822486352,-0.00026841523414516326
1.2424922830373217,-0.0002671798824579496
1.1603840442323547,-0.0002658539858813566
1.0601758455741832,-0.0002645198579511937
0.9770804190483143,-0.00026291409535043284
0.8954659364395671,-0.0002610366980799693
0.8352423679653516,-0.00025910168133344883
0.7564252105177844,-0.00025693618668246027
0.6313709061925763,-0.00025439204975607305
0.5362638616317287,-0.0002515515840914317
0.48706490300973004,-0.0002484065583304314
0.4093996760162406,-0.00024489112164033876
0.30820455035750854,-0.000241145207036339
0.23383026838794224,-0.00023707826962144507
0.18907407162697643,-0.00023271500345608658
0.10614348722850303,-0.00022798132634847213
0.03308560700144181,-0.00022269614849871385
-0.06860304209555886,-0.00021693355209062275
-0.12405460952413068,-0.00021080877608202432
-0.19612518336409818,-0.0002040501857619334
-0.2660566670978774,-0.00019643553454029496
-0.3185464107520436,-0.00018778373258079487
-0.3730106859009919,-0.00017787253326159575
-0.45265028370280214,-0.00016652907806487008
-0.49131826764613107,-0.00015280676094778093
-0.5780332733659213,-0.00013469713055449904
-0.6535592415575743,-0.00010808450648977017
-0.696340834371504,-6.958579672228791e-05
-0.7088462228970913,-2.1061285538693473e-05
-0.8913261653579352,2.999025486256885e-05
-0.8822762132995242,7.376526871264287e-05
-0.9944956204107316,0.00010639501712878487
-1.097994169804115,0.0001303077550570283
-1.133042169990215,0.00014845031083529482
-1.183557364694412,0.00016255127035693563
-1.2427934270171164,0.00017409227809104635
-1.3145348859959538,0.0001836742232092843
-1.4056926220370793,0.00019152758372573627
-1.4437024401592633,0.00019827794269303348
-1.4790795459269837,0.0002041722407741181
-1.5722118453336937,0.00020953150081350056
-1.633916117501185,0.0002143639541728051
-1.6148289283893056,0.00021897416096533363
-1.794182723801477,0.00022340327796491235
-1.7546919726829895,0.0002270833417396866
-1.7966508958900373,0.00023075517416027664
-1.8904414483730725,0.0002344763947046935
-1.915287721995694,0.00023747325609445663
-1.9722202504465882,0.0002404371920683218
-1.969258442346731,0.00024335173991898006
-1.9924592732476343,0.0002459617276751921
-2.05185999054586,0.00024834946887849964
-2.050049996207506,0.00025042441863834335
-2.1135643500797117,0.00025217834560393917
-2.1690160133082568,0.00025381703361792044
-2.196330486814305,0.0002552499377921493
-2.284855728890969,0.0002566581479054047
-2.314802937159535,0.0002580334326044955
-2.2950575246835494,0.0002592111648168958
-2.3164483882750098,0.0002605617554542626
-2.3315865390891095,0.00026212636128563206
-2.3151320273816927,0.0002635098773385023
-2.3062465915475463,0.00026448182571262523
-2.250136717463819,0.00026534676649112954
-2.271363031906764,0.00026608823696765225
-2.3898355201381913,0.00026673916255601823
-2.2131140804378586,0.0002670772967160688
-2.2466812711037467,0.0002676212147134274
-2.206038643772692,0.0002683873792514612
-2.313486576275587,0.0002692440886785775
-2.236314932318709,0.0002699773278050183
-2.3011456933518435,0.00027014260354303057
-2.287488450343478,0.000270077401388455
-2.3442565139101696,0.00027016036359453965
-2.2335176663729115,0.00027045734098651224
-2.241744919246236,0.0002701534295891486
-2.2634648681735974,0.00027022816044926907
-2.3037784149872906,0.0002712659596515762
-2.239112198296563,0.0002719580420098126
-2.263300323098598,0.00027210685504120487
-2.2226576930036215,0.00027196757070703655
-2.255073069492497,0.00027181182366622155
-2.1825087046727174,0.00027179600963102724
-2.2695530360281637,0.0002716731880029541
-2.1464733476094864,0.0002708836267684288
-2.3694319205318233,0.000270316312073589
-2.2150886209385128,0.0002704980505183679
-2.157168772695985,0.0002706550949030618
-1.964980275142773,0.00027065574357502335
-1.9386530936729705,0.000270434145707569
-1.9119968247159302,0.00027008084618821695
-1.794018178996182,0.00026987571102820586
-1.7820064084142906,0.0002698434342864847
-1.6836086311416794,0.00026938312717626474
-1.6355615648781063,0.0002686182599967044
-1.5509855776475074,0.00026763114628317584
-1.4905976738913012,0.0002666193385101696
-1.4571951034830781,0.0002656651502087027
-1.3908836026551927,0.00026443109590188884
-1.3660373598270337,0.00026314765347660305
-1.2891950120942324,0.00026175720346203915
-1.2655005853295078,0.0002601362755628305
-1.1832282754699728,0.0002586058925468209
-1.053731673277369,0.00025714136035473434
-0.9976219675976845,0.0002554545816318639
-0.9415122634674788,0.00025361963855546096
-0.8575945259263296,0.0002514142845996872
-0.7206934330289062,0.0002488220570590965
-0.6129167275248247,0.00024588411270365547
-0.5851086910224547,0.00024262514559175613
-0.49033099998994867,0.00023933325306921415
-0.40756505779426094,0.00023580265132066704
-0.31887550004061344,0.00023197572087862948
-0.22130051849302956,0.00022789361850830364
-0.1844425111134962,0.00022352341880102697
-0.13919272177123498,0.0002188239649972175
-0.02236597327574312,0.0002137787943941601
0.05200825482946117,0.0002080833469651454
0.12769885551351484,0.00020167177189801775
0.16850596850293711,0.00019484862922948806
0.22543848103143393,0.00018735874705669766
0.3240008603477873,0.0001790045729456916
0.3761615983015037,0.00016977787556263568
0.4217405474623079,0.00015906953493301812
0.5048357632307968,0.00014603172195410267
0.5346184113571417,0.00012950381635463035
0.6313709061925763,0.00010613565925001939
0.6624699307087653,7.201736107773698e-05
0.7266425343415893,2.722300542287319e-05
0.8480768974577584,-2.2501926867598074e-05
0.8653541499677753,-6.856390993114549e-05
0.9593095207156145,-0.00010507753033087777
1.0547458462643589,-0.000131960473508541
1.059682209266601,-0.000152250106045368
1.2238986302679185,-0.00016831705604347555
1.2410113725636407,-0.00018113262254142078
1.2688195825621165,-0.0001910507534318802
1.3816979278851842,-0.00019917444969416156
1.3874570292980777,-0.00020629392103018005
1.4588699047623814,-0.00021261495122436175
1.5584201682178929,-0.00021827747324544542
1.5286373550401933,-0.00022318271085774302
1.7285607794166387,-0.00022751998515471012
1.6893988019894406,-0.00023156093076275464
1.7405726487215103,-0.00023529731632594778
1.8577295683214683,-0.0002386385969641794
1.8965625033197437,-0.00024179878784394494
1.8595395777403583,-0.0002448519711386003
1.980810268047804,-0.0002475841316757938
2.0089477179352864,-0.0002503492176238486
1.993315800528226,-0.00025346002038742867
1.9880503130118572,-0.00025596993439467686
2.1043847315401023,-0.00025829875864211984
2.130547650463004,-0.000260915680240638
2.158520589165845,-0.00026324450449079917
2.1866580814286687,-0.00026510414162431265
2.2613623345303964,-0.00026660983058155217
2.2182510634791774,-0.00026846123636260766
2.256755022326913,-0.00026979406689773194
2.273867897188492,-0.0002706247849011367
2.3689760387502115,-0.0002717436002650027
2.3386993895173998,-0.0002728706469819458
2.4213020070353304,-0.0002739400742271194
2.3179664715516255,-0.0002747049414062511
2.2843988984164536,-0.0002757743686486288
2.2880189303204124,-0.00027691787806964787
2.2656405531759543,-0.00027732879706064386
2.3108909528304604,-0.0002778055668768747
2.2788043038892307,-0.0002781094782732105
2.3265229134082523,-0.00027801005336166164
2.2718933345698136,-0.0002783798155864208
2.2704124126288896,-0.00027911998870647366
2.2403003374396517,-0.00027976138558819886
2.3230674271930347,-0.00027967019202605395
2.299537214442523,-0.00027946375951859133
2.2134792062501947,-0.00027964420061960037
2.2978917452083882,-0.0002798575671336236
2.2792979445714177,-0.00027995569470121336
2.260045959595652,-0.00027987273249656765
2.2771588349645198,-0.00028030834554575363
2.3280038361054687,-0.000280702801828298
2.2037709456130905,-0.0002809655564603199
2.172836154540801,-0.00028166457281452015
2.274196990961693,-0.00028228950698993004
2.2245038422227896,-0.00028274981410146056
2.279791585255808,-0.0002827985535481522
2.2131501126556294,-0.0002826332778098199
2.0634126249450526,-0.00028251739019170764
1.987556673568855,-0.00028212163655901403
1.857071383084586,-0.0002813554720217323
1.8447304105189797,-0.0002804082177082479
1.8068847686818588,-0.0002797819861791315
1.732016248558501,-0.00027948500878735935
1.6398704348433817,-0.00027897401620657545
1.5603947195847279,-0.00027811730678143915
1.5306119060009329,-0.00027698073133647626
1.4883236120735723,-0.00027577830506334607
1.429745294831289,-0.00027462526691164515
1.3759388266856125,-0.0002734310719922299
1.3387514926094237,-0.0002722862651941222
1.2856032382138483,-0.0002711249956889054
1.2383786428652575,-0.00026978263640496636
1.1524858590152613,-0.00026816864245177185
1.0710358446804529,-0.0002665546484985773
1.0037367696637076,-0.0002650311994355446
0.8984277517467933,-0.0002632114216401556
0.8442923566267224,-0.00026108708375804197
0.7569188460687702,-0.00025869934255457014
0.627092733831266,-0.00025595765313632857
0.558971076524762,-0.00025310072476388934
0.48311582312536483,-0.0002499721617106865
0.4164751089111987,-0.0002464896504367973
0.30804000546614013,-0.000242768429894882
0.21507215577140176,-0.00023869326112586903
0.16751869958405685,-0.0002343711517316798
0.11749707799788504,-0.00022971978816694713
0.04197102412941736,-0.0002246157001145275
-0.05280674866765796,-0.00021901773079571822
-0.12208007310965559,-0.0002129834996877438
-0.18806249409152176,-0.00020621667801097766
-0.2693475602450674,-0.00019855263866070994
-0.327760910771628,-0.0001900736951609101
-0.3896296935255191,-0.00018033535430310484
-0.4442585082538697,-0.0001689836677492747
-0.48161013565169575,-0.00015536835827144633
-0.5661860623239267,-0.00013753036266977512
-0.614233084269815,-0.00011122229891547619
-0.7006189936104233,-7.324216504442076e-05
-0.7127952929462207,-2.529384945415932e-05
-0.8414691568730995,2.5189726653168822e-05
-0.8960979582673535,6.910467353070049e-05
-0.9640548717184003,0.0001021295273919948
-1.0121018914750797,0.00012609988480813517
-1.1226758599682756,0.0001444564558834148
-1.1980372906819858,0.00015889490100992455
-1.223706250946958,0.00017076516298243896
-1.3130539842498972,0.0001808327580601196
-1.4175398378073572,0.00018924585072398575
-1.40766715798229,0.0001962349189799566
-1.456536924776686,0.0002024337771798832
-1.53815109067068,0.0002078341939958647
-1.5863626909978292,0.00021252671433122863
-1.6515224047661863,0.0002167829728934987
-1.673077766822752,0.00022075936541247603
-1.7333011509269458,0.00022466167574454343
-1.7648937496453903,0.0002280371794177997
-1.8511152310905172,0.00023119043653201357
-1.857038845110477,0.0002342778428148722
-1.9338812922728283,0.00023682197974176676
-2.0102301236795164,0.00023912740740684202
-1.914464997672546,0.00024155630537877842
-1.9936110875948845,0.0002437629567991952
-2.0574545185745867,0.0002459943022810762
-2.079174451986908,0.00024778115466735215
-2.131664298213269,0.0002488765733442131
-2.22660677417326,0.0002502683207503794
-2.2837039132647363,0.00025208809854525825
-2.2091649994836557,0.00025435236944235063
-2.330928358598161,0.0002561309904760249
-2.2356567520932873,0.00025735811081028647
-2.248162176680594,0.0002583135964802988
-2.2361503872621875,0.00025915384320012087
-2.2878175405271097,0.0002598623882658623
-2.339320159999913,0.0002601593656577413
-2.2159113461517603,0.00026066212688449753
-2.313815666495872,0.00026156822443155646
-2.3743682751031736,0.00026280357611878
-2.252769438533213,0.00026386606938202906
-2.1989632073082084,0.00026418774083744384
-2.328460181773966,0.0002640237624429385
-2.3310929037207204,0.00026417257547510086
-2.3679510141817417,0.00026480703835718314
-2.2182149767633983,0.00026523571740539036
-2.2985129717460997,0.00026527752284339777
-2.2195313371225387,0.0002659942992643468
-2.250301262529815,0.00026683454598562073
-2.217885886674708,0.00026712329202402787
-2.231707670777977,0.0002672391796421902
-2.1685223782718475,0.0002672892164335525
-2.255895794840435,0.00026701823044834817
-2.2881466307112013,0.00026644268439196344
-2.342775607725823,0.00026631163141217003
-2.2876529954352365,0.00026640282497035733
-2.232694941100827,0.00026655986935553134
-2.26362941324871,0.0002667086823874036
-2.298842061945195,0.0002668328013591308
-2.1780659891445824,0.00026739318206044625
-2.0956289481377066,0.00026774777892838656
-1.9954210815782234,0.00026751794970787614
-1.8751387774914385,0.00026686009012058835
-1.830382582839003,0.00026600467805648663
-1.7839809460165599,0.000265190422758033
-1.7260611807607567,0.00026441732422542534
-1.6554714786466258,0.0002637265392243613
-1.5832363413366397,0.000263019291516949
-1.5271265957188251,0.00026204864050975566
-1.4744722948118332,0.000260929825146021
-1.433336125876151,0.0002597863157231045
-1.4025662734705469,0.00025856872412231694
-1.3301666268397887,0.0002573840579337786
-1.311408537869016,0.00025619939174524023
-1.2707660134363825,0.00025505588232208737
-1.1414339448394828,0.00025379713395610787
-1.0728188463285548,0.00025228321364605946
-0.985116578877846,0.0002505223527463985
-0.9369050150874882,0.0002486627156111663
-0.8230401636807158,0.0002464573616553922
-0.7081880445550467,0.00024384044005643874
-0.6556983212185058,0.0002410424286966192
-0.5908677518794565,0.00023795631999137234
-0.5026718456241924,0.00023478789775897328
-0.3863388009550347,0.00023135607224275835
-0.3282545446977368,0.0002275291418006636
-0.27115755146850384,0.0002235952037754496
-0.21866780376153866,0.000219150921898457
-0.1237255201222738,0.00021422099022786836
-0.044085878097086764,0.00020923343909090257
0.06221003055962167,0.00020373554411478638
0.10433349452966414,0.0001976367604269861
0.1778850233737381,0.00019101117020801258
0.23662753088840555,0.0001837435345344271
0.2933955104914589,0.00017563630097754457
0.3746806939397802,0.00016639314089211552
0.42025964285963147,0.00015580827052794687
0.47636947846051214,0.00014303386077986656
0.5459720184710974,0.0001265882686885948
0.6254472829437254,0.00010340120125080569
0.672013547535262,6.96121569993919e-05
0.7450715931545927,2.4727256550476198e-05
0.842482358862622,-2.53845490117696e-05
0.852190528875104,-7.179224863089889e-05
0.978396781953582,-0.00010852811540362152
1.0206849451698095,-0.0001355180661167935
1.130107669514953,-0.00015554429544214267
1.194115881011653,-0.00017100212551026571
1.26042775538182,-0.00018332381095242218
1.3255878366271379,-0.00019322547915030406
1.4091770708414122,-0.0002016043473145552
1.4025952397476709,-0.00020894606515350233
1.521397335079448,-0.00021514362506155332
1.5781656831085933,-0.00022043573623328012
1.6281876664368866,-0.00022549736954120738
1.6749187459637083,-0.00022994988276890901
1.7226371182372295,-0.0002336451115696375
1.72592804108248,-0.00023714278790819233
1.863653235605895,-0.00024046760584117317
1.8863606294147828,-0.0002436195653682439
1.9120298621057272,-0.00024662336054655655
1.9357245430986774,-0.00024954484219774913
1.9411545747942203,-0.00025243339843796474
1.9788357104047527,-0.0002549680065078966
2.0390597329526368,-0.0002572062858767193
2.068842662352086,-0.00025952687877404767
2.1451923057630413,-0.00026143590402397484
2.1524323607536555,-0.0002632543843925282
2.248692226429225,-0.00026529511129168884
2.2891707586784067,-0.00026693250189631666
2.314346438660339,-0.00026856989250094475
2.2944362598968695,-0.00027009204416283814
2.382633443092953,-0.0002713014044106011
2.205087319887969,-0.00027257661548286234
2.3261938194782728,-0.0002740082222627786
2.354660448109243,-0.0002755632993380646
2.356305918201141,-0.00027613884538263373
2.3503822259876492,-0.00027618758482847726
2.2876898365060523,-0.0002768125190039368
2.3260292725136553,-0.0002779477970721152
2.301347230628537,-0.00027869620153791926
2.1978472615652587,-0.0002790248069961201
2.3125364222596483,-0.00027953450222655636
2.2661341937995036,-0.00027979725686028004
2.328332930040919,-0.0002798624590151216
2.202948211699056,-0.00027983711628375423
2.3294847588228293,-0.0002801904158019
2.238325775415918,-0.00028097997704081955
2.3281683830730695,-0.00028171191880743934
2.177278916572423,-0.0002817195014853922
2.287360742692675,-0.0002817353155165407
2.223516561345461,-0.0002823355556325918
2.2638305375750423,-0.00028295225845502414
2.1858353476385006,-0.00028328909526706034
2.342813064187143,-0.00028307443140809747
2.189784469885485,-0.0002828268421358945
2.2294402467393817,-0.0002826533350442472
2.2500086012298617,-0.00028275146261024143
2.3005244959948326,-0.00028284959017623574
2.202948211699056,-0.0002828983296229274
2.1947208728868617,-0.000283506801091771
2.0048340552645825,-0.0002837777870755157
1.866615069351157,-0.0002834396529167682
1.8014547427143253,-0.0002829204289832186
1.8017838351907776,-0.0002821707271531533
1.6859433339349774,-0.000281231704193151
1.6438195398783217,-0.00028039968882828664
1.603341218557326,-0.00027971583782613273
1.5195873301453118,-0.00027898259870321645
1.4799317730850767,-0.00027816704604559546
1.4325425735081052,-0.0002772362544390585
1.399304324306324,-0.00027623961200451603
1.3547124269544342,-0.0002751194992668311
1.323777834014667,-0.0002738429908117684
1.2317968188015729,-0.00027236069851644567
1.1408031273739199,-0.00027075493591706835
1.0794276626179882,-0.00026916563602498976
1.0190394911696565,-0.0002674117090596522
0.9306786324062493,-0.00026551784908184265
0.8171423918300519,-0.000263591063689218
0.7345407022150389,-0.0002614996512218373
0.664279926973002,-0.00025896374564910753
0.5838173792652244,-0.0002560491977992445
0.4956212429642447,-0.0002528218584988704
0.3883379233457975,-0.00024920764555998133
0.3207099623645152,-0.0002451900962696243
0.27397921486147375,-0.0002407527479160184
0.20059220992200422,-0.00023616723518629976
0.11585163003840647,-0.00023140886401612552
0.04065466602381381,-0.00022618130564741162
-0.0291123074661314,-0.00022051748549348113
-0.07650118860187556,-0.00021436801542016058
-0.16732986397348232,-0.00020758473103728057
-0.24680494182829782,-0.00019992892303899136
-0.28892837411002775,-0.0001912195015955188
-0.3616571062250609,-0.00018141530989722958
-0.4057550669229104,-0.00017008008605327589
-0.4727247266243152,-0.00015626722401770207
-0.5589460999680512,-0.00013818228770401582
-0.6037022302790828,-0.00011189068669820825
-0.6543819645043605,-7.3844701870915e-05
-0.7499823690093198,-2.5789378555798084e-05
-0.8441018701869188,2.4702428912408962e-05
-0.8924779774391257,6.887254806492728e-05
-0.9160078528723878,0.00010248182855009756
-1.0380999369055992,0.00012711892605232959
-1.1118159162343824,0.0001457306692312864
-1.1954045768495514,0.0001601032635067582
-1.2900177352590827,0.0001717595102306714
-1.3267111893597763,0.0001815801646428684
-1.3788718427539457,0.00018978747343109575
-1.5003058105167082,0.00019682592981183668
-1.4813831714996115,0.00020280254144477693
-1.5017867127299351,0.00020812887606559355
-1.6079180497795627,0.00021301894890792675
-1.6363842885689508,0.00021742337184424738
-1.7410347555751278,0.0002217207871760292
-1.7033540024861475,0.00022542554501189596
-1.8642788179442273,0.0002291632282644808
-1.8575324796168726,0.0002327445157919746
-1.927464042229444,0.00023598008644670816
-1.987029291385339,0.00023915803762409067
-2.012369207600705,0.00024180918214996273
-1.978966591227598,0.00024418869199915795
-1.9924592732476343,0.0002463788807114026
-2.0385318506901107,0.00024837974828756
-2.0785162721614587,0.00025007605577762157
-2.131664298213269,0.00025159127348702373
-2.180534164428405,0.0002529747895390113
-2.2516176230618212,0.0002542759920548781
-2.3019684188597274,0.00025544549291419446
-2.388190068487243,0.00025704302416504744
-2.2782739253880964,0.00025889572737625144
-2.349192867927909,0.0002603533256103265
-2.3368519830849817,0.00026204963310057835
-2.210810449873615,0.0002634249178026588
-2.266262134465895,0.0002643063212882116
-2.289298446359145,0.0002645786046256075
-2.362685569460954,0.00026504020909456623
-2.3536355866360625,0.00026593807528940065
-2.2085068193307187,0.0002664161424557808
-2.3556101283122346,0.0002671987697005073
-2.3278020012920067,0.000268722218766081
-2.273502117962845,0.0002698505628660361
-2.1412079077282877,0.00026949726335140963
-2.2868302699775938,0.00026880647835141166
-2.365318291805848,0.0002689059032656892
-2.2075195491045747,0.0002690547162994283
-2.3987209592662153,0.0002691788352728819
-2.2246322335805204,0.0002697556786803141
-2.274818478622303,0.00027031605938090595
-2.324182008674993,0.0002708517460212021
-2.254743979354108,0.0002713215818342708
-2.187609600375018,0.0002717173354666334
-2.2707048515856827,0.00027156158842933274
-2.222493147956261,0.0002708625720750995
-2.315461117604319,0.0002705504293233962
-2.2907793522005035,0.0002705181525816384
-2.2708693966657822,0.00027053526395988056
-2.1308415732712853,0.00027031366609410565
-2.168851468296015,0.0002699109784555833
-2.026026436085732,0.00026961529840886203
-1.9580693897872254,0.0002696159470820216
-1.8986686910810098,0.00026980591688050904
-1.8445334378574487,0.0002698641850251831
-1.7421865690469238,0.0002697907515172692
-1.7071385321065027,0.00026927282493401767
-1.6347388411888515,0.0002686314280522362
-1.5819199835909872,0.0002678994862859201
-1.5065585087796103,0.00026701938016235023
-1.4914203973270526,0.0002661557367450298
-1.4318552238512223,0.00026515216032461713
-1.3560001361794423,0.00026400865090150363
-1.2750441737994729,0.000262782827947603
-1.2235417063275142,0.0002613100644030113
-1.1473575506539466,0.0002596562110918415
-1.0915769304414575,0.00025789535019228463
-1.0185191305014991,0.0002559451681748121
-0.9176532987117167,0.00025401144886320946
-0.8158002020689552,0.0002518143262599736
-0.7415905952404175,0.0002492550241305977
-0.6757727610051625,0.0002464240873601872
-0.5739196584326242,0.00024333797865465858
-0.4814455910408083,0.00024009547424830148
-0.3971987463853141,0.00023660602926250466
-0.33796267850623,0.00023270501664844983
-0.26506939915026856,0.00022845828722799176
-0.17983526001501493,0.00022399754264396883
-0.10908104151325661,0.00021924870072553514
-0.047870406856468053,0.00021420353012259732
0.036541046972020486,0.0002086150902709136
0.11124437579140849,0.00020237637359792903
0.17113868563378415,0.00019564377580141897
0.23021028165853497,0.0001883102893136622
0.305242742326566,0.00018011251088610614
0.3896542828413986,0.00017094343296419865
0.42980325043932416,0.0001602103982820141
0.4906848929561753,0.0001474195258223202
0.5555156306467169,0.00013146781474746935
0.6093218648500448,0.00010887340446325339
0.6901135115765379,7.584164420596111e-05
0.7350343377165356,3.187865459109256e-05
0.8525196193920644,-1.773927019661103e-05
0.8974404799728234,-6.4089350391105e-05
0.9767513283234202,-0.00010103100087042236
1.0809085717063271,-0.00012821850393604652
1.1291203965147414,-0.00014840112891728995
1.1888504231249017,-0.0001638260335687372
1.2373913692391145,-0.00017618064442692302
1.2990959822486352,-0.00018627986505168973
1.4233280086492544,-0.00019472458403132004
1.4269480162058932,-0.00020218154079529503
1.5143218613732268,-0.00020861780991685428
1.5602301736364568,-0.00021430502599558757
1.6377313363295734,-0.00021939958471182828
1.6629068824654758,-0.00022380270982718712
1.736788087043551,-0.00022789304355024165
1.776443716921557,-0.00023183521292735238
1.8165929974906836,-0.00023554690443352926
1.8676023472815297,-0.00023911866294536876
1.8945879470157583,-0.00024257518252080622
1.9260163052034873,-0.00024549666416818214
1.9270035835989547,-0.0002479818841220727
2.0471225142108715,-0.0002504506413702686
1.9885439524568571,-0.0002525901445041808
2.0841454963836443,-0.000254639102756541
2.0734499670135924,-0.0002565728220676754
2.1843544268311597,-0.00025832545161452687
2.2241747485960515,-0.00026011923792617535
2.202783664916966,-0.00026198710641431154
2.369469679840758,-0.00026362449701853495
2.318953753270067,-0.00026527011897568495
2.3554831831520566,-0.0002671626815226438
2.2960817290792908,-0.00026884122889244723
2.2305920744911076,-0.0002702892983785205
2.3604195935406964,-0.000271292874797276
2.314017344767076,-0.0002716544056692073
2.30249905912608,-0.00027214763819171387
2.251654069752488,-0.0002726408707142204
2.275677912953201,-0.00027282954316848793
2.30249905912608,-0.00027320753674762554
2.192581764893298,-0.0002736843065656067
2.221048359190007,-0.0002748360473363257
2.308093654857601,-0.00027560914585554624
2.20179638422944,-0.00027528747440363897
2.2646532719354373,-0.00027504811648526497
2.250666788636001,-0.0002751791694659189
2.313359156983522,-0.0002752937597398928
2.289499852497187,-0.00027530134242150596
2.4160364996280426,-0.00027612382906787596
2.2343766514728127,-0.0002770286292468809
2.2045936795330974,-0.00027737369741317325
2.3112200467143187,-0.0002774965190405885
2.216441048644436,-0.0002774876390157346
2.281272507322206,-0.00027765161741021666
2.275348819175599,-0.00027758511791117855
2.2570841160494095,-0.0002774609989391914
2.2590586784048146,-0.0002771887156057014
2.314510985607342,-0.0002771304474566317
2.2858798205446265,-0.0002776483740406704
2.1822153190322764,-0.0002781251438586484
2.0821709370424566,-0.00027825619683872083
1.9070934707970446,-0.0002780415329806087
1.804087482549162,-0.00027767870476159577
1.8276175971873083,-0.00027715124947471487
1.7501163264721933,-0.00027661556283441863
1.6545150332452345,-0.00027593171183189566
1.5651665521665195,-0.0002753713311302486
1.5393328397313375,-0.0002747862563681246
1.5024745573264915,-0.00027362498686211826
1.4924372588098676,-0.0002723567097603619
1.4368207645251945,-0.00027117897754802247
1.3644206249242106,-0.0002698119242033436
1.3063359917071318,-0.00026851895304061076
1.2390368252859427,-0.0002674317657172926
1.1788131444787764,-0.00026625403350489217
1.096869481544909,-0.0002647635098557455
1.013774038466924,-0.00026291903799989335
0.9086295603651487,-0.0002609510958387143
0.7990424172636289,-0.0002588349893100707
0.7697533707900291,-0.0002563320091530999
0.6708617316903216,-0.00025360678244285505
0.5701601396993669,-0.00025074162271624355
0.48031855824329783,-0.0002474237385214999
0.4003497039714489,-0.00024373544339626447
0.374022514225924,-0.00023990721525148648
0.26739742000821964,-0.00023584850919085347
0.18068228540251516,-0.00023142762354555057
0.0924862698106322,-0.00022657870747781048
0.026010182393057982,-0.00022123591014728568
-0.026808681169167084,-0.0002153992315482442
-0.09904381434268926,-0.00020905220896423656
-0.1740761960855337,-0.00020208783477650974
-0.23397045796797927,-0.00019453903439549326
-0.30077558892788836,-0.00018614240444550983
-0.3600116598807876,-0.0001764781457876356
-0.41974135991626216,-0.00016505237702581918
-0.4914828122554017,-0.0001511572014336815
-0.5400234708864047,-0.00013331920585310275
-0.5602624567630544,-0.00010753794914873465
-0.694201754749419,-6.974713648541338e-05
-0.7078589553839675,-2.1436640805995726e-05
-0.7819040181155616,2.968075051930816e-05
-0.839165532723724,7.424597526327741e-05
-0.9477649577086869,0.00010801988293884944
-1.0752870152760716,0.00013241827110310037
-1.0552125746259835,0.000150560826880282
-1.2263389648623026,0.00016494988386416213
-1.2559569969753694,0.0001764744289032096
-1.329508448270827,0.0001857435825108138
-1.366530993780957,0.00019361340573657618
-1.4522587632043984,0.0002005448545067888
-1.5055712406277257,0.0002065461601989075
-1.581590894155168,0.00021201242784516707
-1.6052853341472548,0.00021717413537839818
-1.6683059690181772,0.00022179257352651863
-1.7198084793638133,0.00022585127958757014
-1.7495910843071747,0.00022957250012919014
-1.7752600716880265,0.00023302208598730638
-1.8545706725894315,0.00023615064903966977
-1.9959147163028825,0.00023914751042866143
-1.9491839659892138,0.0002421032150480647
-1.9616893773347763,0.00024474612822048935
-1.9992056144884482,0.00024697747370174895
-2.049062726573313,0.0002490524234613745
-2.0735799235207613,0.00025121791811232215
-2.0793389969435165,0.00025297184508062804
-2.180040529369724,0.00025447883143720905
-2.2048868285206393,0.0002562409897560278
-2.1935332213197616,0.0002581019243191689
-2.2468458161673937,0.00025976530639513183
-2.2677430401633023,0.00026091834454734905
-2.382101897485483,0.00026175035991205214
-2.2973611560529137,0.000262656457458428
-2.3059175013379996,0.00026380126425656946
-2.3203974710000064,0.0002651518548941256
-2.2920957129562116,0.0002662555049264577
-2.2055450086640183,0.0002668158856272907
-2.2725148474730337,0.00026694823595287956
-2.2865011797953416,0.0002669818100379482
-2.3144738469378456,0.0002669824587099096
-2.32368837332255,0.00026736998099333013
-2.2967029756593536,0.00026847363102388557
-2.21097499491321,0.0002690504744364004
-2.3097020387759253,0.00026928160100230707
-2.1440051726519607,0.0002696526605747953
-2.32368837332255,0.00026988378713962416
-2.192381406125164,0.0002698926671650372
-2.341952882072029,0.0002702472640346617
-2.2950575246835494,0.0002706100922575548
-2.2455294556613454,0.0002704708079229346
-2.3205620161150162,0.0002707595539628645
-2.3661410175449826,0.0002719043607641022
-2.247174906295023,0.0002727610701968625
-2.30855022302742,0.0002725888604497463
-2.1960013967545082,0.0002723096431096647
-2.135284287988514,0.00027193988088424956
-2.265603954158882,0.00027155365595227417
-2.217063161454899,0.0002712744386120997
-2.2382894730056275,0.00027131624405225124
-2.1895841406744823,0.00027150621385120565
-2.021090088365919,0.00027139162357639425
-1.9439185297860957,0.0002710959435298586
-1.9124904593057157,0.0002708661143096966
-1.8417361757722288,0.0002707268299751961
-1.7714755413843497,0.00027037353045575795
-1.7130621437597686,0.00026981444710585023
-1.6358906543542533,0.00026904957992638214
-1.557567365974707,0.0002680460035061539
-1.5404547165130882,0.00026716589738341387
-1.4519296738540628,0.0002663104853199346
-1.4216534544502855,0.0002653645283715578
-1.361759198908961,0.00026435272059855146
-1.2714241919522422,0.0002630610468201982
-1.199353647600995,0.0002615553578632463
-1.149661175146109,0.0002599920494350766
-1.0999687049990867,0.00025832173341843476
-1.0200000318184943,0.00025656087251877356
-0.9076160791022604,0.0002547176980898931
-0.8470636726653445,0.00025248765007436643
-0.758045053595637,0.0002500518182372109
-0.6604701143000266,0.00024741843393303686
-0.5706287664769701,0.0002445545717510363
-0.5110636205726619,0.0002414849257511943
-0.4284622248408935,0.00023809425699714457
-0.3473417229052771,0.0002343002519659205
-0.2561839875495377,0.00023027576906287293
-0.16173534459466926,0.0002260208082905753
-0.10760013915716314,0.00022137897395329585
-0.04754131740042443,0.00021640788552137062
0.031604704166079405,0.0002109593786571028
0.10137168831437546,0.00020501699066022557
0.1729486786729343,0.00019854779612941967
0.2328429992759103,0.00019146125019845787
0.29191460654438917,0.00018355980043495329
0.36118801010770263,0.0001745059614366567
0.44066321809100795,0.00016397047918125025
0.4636995145562939,0.00015145947265671246
0.5522247298551939,0.0001355818437387709
0.591880087320121,0.00011294627671098564
0.6338390825902255,7.984866566838626e-05
0.7705760967597637,3.5745743163890375e-05
0.7893342497274979,-1.4226129510111534e-05
0.8869095813545238,-6.147342648934103e-05
0.9830040521938139,-9.955100290324281e-05
1.01969767276797,-0.00012752048408011963
1.093578572183422,-0.00014814760193642085
1.2232404479069512,-0.00016423101463639356
1.2619086660295402,-0.00017684079735196095
1.3028805326068416,-0.00018702233150295268
1.3589906158163163,-0.0001958456926549148
1.4266189246062833,-0.0002031380223775547
1.4618317298162178,-0.0002094014331071576
1.559901081740479,-0.00021517096270805524
1.5758620395644103,-0.00022019967060414586
1.6429968096534626,-0.00022466864654082318
1.664223251016894,-0.00022900592083843307
1.7685454992374743,-0.00023306332915087904
1.8093529623781877,-0.0002367997147147083
1.904131636104969,-0.00024022330887900518
1.9378636464655523,-0.00024319417864598816
1.9745575022873787,-0.00024571232401071266
1.9666592723089045,-0.00024803291690810904
1.9924930680887971,-0.0002503205843940507
2.020136881107087,-0.0002524765502340729
2.085297322681263,-0.0002545172771335972
2.151609627209116,-0.0002567637878545076
2.18649353467016,-0.00025897737316373036
2.1929108584281507,-0.0002608205475929982
2.2751842722871647,-0.00026238385602081563
2.295423541403369,-0.000263634373033757
2.2560968348848367,-0.00026501659169490994
2.3775324846409363,-0.00026652228065197296
2.2796270383607666,-0.0002680691263739305
2.3821398019418156,-0.0002694595763876107
2.230098434024636,-0.0002706113171637653
2.287360742692675,-0.0002717959833522872
2.2249974826647008,-0.0002727090148878553
2.239477603258866,-0.0002727742170381081
2.2575777566349777,-0.00027269948618392304
2.305296356956162,-0.000273521972833506
2.2784752101023305,-0.0002745255492533564
2.295423541403369,-0.0002751340207222694
2.231579355430558,-0.000275536708361209
2.2358575729351786,-0.00027627688147954636
2.312865516148455,-0.00027699236053814816
2.2723869752211843,-0.0002770575626924544
2.1634569908176258,-0.00027657949552499327
2.3322820573439516,-0.00027691633232294286
2.268602396950173,-0.00027753303513695135
2.21150464469718,-0.00027764762541044674
2.304802716157435,-0.00027836310447013063
2.182873506043046,-0.0002790456581168933
2.2101882703476665,-0.00027911909162410894
2.243097633699548,-0.00027883034558568175
2.281437054219697,-0.00027918364509923457
2.198834542218421,-0.000279487556492427
2.244414008434284,-0.0002791164969201727
2.2733742565305235,-0.00027881128817503896
2.2233520145334147,-0.000278654243790085
2.191759031060333,-0.00027868652053191265
2.123307596840108,-0.0002787187972737403
1.9609001466028975,-0.00027872637995565285
1.897385235122195,-0.00027822361872571657
1.8736905613545844,-0.00027739160336071104
1.7180298263889293,-0.0002768806107804662
1.7000942989035066,-0.00027634492413987534
1.6334531394004443,-0.00027565284178426933
1.5717483904706968,-0.0002746150425806417
1.5312700896604596,-0.00027348669848882036
1.493259988170835,-0.0002726876085381067
1.4267834704059994,-0.00027168273474907504
1.371002454398202,-0.0002703733008797064
1.2857677838660484,-0.0002691626432529929
1.219455899381558,-0.0002677626644929285
1.184901329816673,-0.00026614867053982897
1.116944029967813,-0.0002645429079403906
1.0233176716003642,-0.00026282190638990855
0.9079713791481211,-0.00026101859130266125
0.8482414427128657,-0.00025891894748109826
0.7579061171741148,-0.000256490049509066
0.6529263142774466,-0.0002538389049833896
0.561439252181446,-0.00025088320036364877
0.4824576431504292,-0.00024770524918775797
0.40298242308144827,-0.0002443215141618538
0.34061989572031365,-0.00024049328601608095
0.25275292695417784,-0.00023625349016377143
0.16850596850293711,-0.00023179144774771652
0.1053207632733818,-0.00022705777064055893
0.05200825482946117,-0.00022197014529696924
-0.00969602828746681,-0.0002163968700415336
-0.10299288735318561,-0.00021019801184057112
-0.18723977068957454,-0.0002033900333936603
-0.22146506316334053,-0.0001958330016557663
-0.31772368752991564,-0.00018731290138048772
-0.3598471152461574,-0.00017754986645665452
-0.4340567419156177,-0.0001662804934625995
-0.49543188286996154,-0.00015282157975292962
-0.5255435458219563,-0.0001351811367315546
-0.6380920500920704,-0.00010944103683100388
-0.6851518024820101,-7.200417282463256e-05
-0.7162507292348954,-2.4014700365460794e-05
-0.8301155807095786,2.7069765493479268e-05
-0.8937943341036463,7.195601339043964e-05
-0.9559921869942218,0.00010644604952419841
-1.0231263790472864,0.0001314288642017781
-1.075451559872728,0.00014992536835315272
-1.172532875735968,0.0001645942914582169
-1.207087244538157,0.00017630815768470058
-1.3253948322290936,0.0001861452748027159
-1.3678473509932856,0.00019442666579272592
-1.3991108356002147,0.00020124287559518365
-1.4420569934348968,0.00020766398036997297
-1.547036504694959,0.00021362412928917026
-1.5891599512392685,0.00021868706057188924
-1.6673187005138441,0.00022322318517611084
-1.7030249129556683,0.00022730658530074245
-1.7670328319475639,0.00023111835073739124
-1.7894109244787646,0.00023504535513147994
-1.8568743002751738,0.00023858548588558844
-1.9197304333777248,0.00024168935487582966
-1.9452348888284219,0.00024453805189494286
-2.0284946099774603,0.00024719742777426577
-1.9890038302328297,0.00024954401220960484
-1.9682711729865867,0.0002516436560305546
-2.1120834452868738,0.0002533975829980865
-2.09529985820495,0.0002548634125860464
-2.105501646306573,0.0002567243471498298
-2.187609600375018,0.00025862643848186895
-2.2290749499364932,0.0002602733578494609
-2.1887614155478303,0.00026154986630580045
-2.3348774415722913,0.00026244773249831435
-2.396417326865132,0.0002636830841874694
-2.3240174635573942,0.0002648114282816175
-2.3139802116061894,0.00026561051823263335
-2.3615337534447955,0.0002668623326279524
-2.2475039964230996,0.0002686656477160834
-2.330928358598161,0.0002700327010667985
-2.297690246250388,0.00027078240289672283
-2.2703757614258233,0.00027135101495162433
-2.373216459026733,0.0002720430973091628
-2.330599268353397,0.0002724800077137288
-2.3032847796783793,0.00027240657420561545
-2.204393193414244,0.00027330444040666495
-2.3032847796783793,0.00027504190466447285
-2.236314932318709,0.00027579160650658427
-2.205874098736359,0.0002755535459325963
-2.269059400790931,0.0002758752173882315
-2.265603954158882,0.000275768858478464
-2.3365228928316792,0.0002754073276120994
-2.35593921859328,0.00027558906605719847
-2.3116765800723846,0.00027580372991587105
-2.2368085674889406,0.0002760348564811771
-2.3582428505740856,0.00027648822958950656
-2.3172711138371427,0.00027758364826697426
-2.219366792077263,0.00027839920092769953
-2.272843937635849,0.0002781776030637501
-2.2336822114276607,0.00027770083324672506
-2.1494351575893624,0.0002774463099662499
-2.2993356972447065,0.0002774551899922287
-2.1346261080256763,0.000277604003023941
-2.0976034877426377,0.000277563494928795
-2.0029901474474667,0.00027740774788768117
-1.8883023653033373,0.00027707091107469705
-1.8405843619791418,0.0002767093802019473
-1.763412846520422,0.00027615852820577413
-1.6906840557607434,0.0002753771983198918
-1.584717243805048,0.0002744312413715808
-1.516102101014066,0.0002733206573607755
-1.5238357017514117,0.00027230884958726954
-1.4669032394948647,0.00027125588504834524
-1.425767071122423,0.0002700959129190349
-1.3574810380192905,0.0002690923364987504
-1.2952831635357205,0.0002680229092538888
-1.1996827368310392,0.0002666489219451746
-1.1295867333058134,0.00026503622539912435
-1.10803139041076,0.0002633247526171122
-1.0254300033246706,0.0002615556603644297
-0.8868834616184326,0.00025958901564123035
-0.8185974599645772,0.0002574083557426516
-0.758045053595637,0.00025493959849458487
-0.67182369089809,0.0002523473709540264
-0.5540097619746293,0.0002495905163583923
-0.4755219850305432,0.0002464879449476389
-0.42270316310826056,0.000243064350783176
-0.32957090183229354,0.00023936912198222477
-0.2277177605998359,0.0002355174974825062
-0.16272261272474048,0.0002313530815874824
-0.12520642242888208,0.00022685941159352903
-0.04589587011651236,0.00022180600964037534
0.053818247278167364,0.00021614348761744593
0.13230610997015332,0.00021011878609918016
0.17920138197265711,0.00020358374075174422
0.25884108690540275,0.00019646426941303096
0.30935636459959637,0.00018847227478062788
0.3736934243695644,0.0001793690476716213
0.4437895724955607,0.0001689405729824333
0.4844321830801972,0.00015642956646203792
0.538567492034218,0.00014059309428736565
0.582336473733209,0.00011878066215888143
0.6883035151075452,8.648149193171144e-05
0.7353634280514828,4.246088290174336e-05
0.8597596108994113,-7.59330323382918e-06
0.8721005061083933,-5.441257017333679e-05
0.924096819597504,-9.181517612167702e-05
1.0379622130535344,-0.00011943070930749459
1.1233613041240849,-0.0001398520434291202
1.2235695390871115,-0.00015570497831227955
1.2441377391346913,-0.000168421768606352
1.2915268817980963,-0.0001787926238310613
1.4192143638027555,-0.0001871221038779379
1.399304324306324,-0.0001939946346563712
1.4958927221566711,-0.0002000111048213128
1.5990630226758151,-0.000205146820297251
1.5679638334088761,-0.00020973926652032438
1.6469459147772134,-0.00021424116786679972
1.677716029394824,-0.00021855374810679073
1.773152792829137,-0.00022248768613141142
1.8131375261367304,-0.0002260265192327506
1.8471986049371458,-0.0002292607922864101
1.9215735525205284,-0.00023233866963924153
1.955963753354907,-0.00023517783776244613
2.007795892373414,-0.00023795938641663297
2.0393888260545885,-0.0002404610690740094
2.032148778020251,-0.0002423371689147307
2.081841843822137,-0.0002440486416967526
2.1315349305374367,-0.0002462210702402258
2.110143864133076,-0.0002484428869014454
2.200480009992775,-0.0002505412332704155
2.1715197806386226,-0.0002525984228746051
2.345445816057722,-0.00025458976165596426
2.2796270383607666,-0.0002563670852591498
2.34050940635286,-0.0002576587590375354
2.303486340705024,-0.000258473014333537
2.4262384204677807,-0.00025957536698460146
2.3962908491786306,-0.0002614185414139507
2.2751842722871647,-0.0002628666108981926
2.2855507267366484,-0.0002637137916087563
2.173000701279637,-0.0002643716511971104
2.2128210190620226,-0.00026516944378911683
2.2709060532736665,-0.00026608247532528435
2.3258647255492866,-0.000266970812802053
2.2806143197346906,-0.0002676122096833985
2.23717394758481,-0.0002679325837898556
2.2822597887108294,-0.0002684669730791844
2.3138527978208163,-0.0002692565343181929
2.1866580814286687,-0.00026977446090163627
2.2376675880824064,-0.00027052286537238793
2.2837407108103096,-0.00027133712066906184
2.219238344310369,-0.00027145171094268686
2.3199410349974365,-0.0002715498385098511
2.270247865747786,-0.00027152449577634
2.2932844314838157,-0.0002711369734973325
2.3000308552175683,-0.0002709881604656202
2.349559490983684,-0.00027102043720746117
2.3587741233860418,-0.0002715630578479489
2.320270128908544,-0.00027273949268323956
2.329155664883897,-0.0002739159275185302
2.2243392954093,-0.00027425276432530964
2.307600014046277,-0.00027436735459714334
2.181228038523238,-0.000274811199001912
1.9584319499541996,-0.0002748764011564044
1.9202571813855533,-0.00027436540857475334
1.8536159106464773,-0.00027358278133095374
1.8244912180736033,-0.0002732940352905631
1.75538180414428,-0.00027298882654325837
1.695487007822149,-0.000272247356066897
1.5959366488441824,-0.00027145649746971256
1.5891902634423387,-0.00027056686263068094
1.497209089167167,-0.00026956198884259215
1.4689072010149666,-0.00026840895069082357
1.425796195610367,-0.0002675110844967963
1.3571806128220836,-0.00026680253943394403
1.2930077927279595,-0.00026578120293857456
1.1967486100161966,-0.000264471769068969
1.1361958531391232,-0.00026298124542041833
1.1116785744240072,-0.0002613343260526907
1.01969767276797,-0.0002594816228432619
0.9234386383287947,-0.0002574231357909415
0.8252051082773373,-0.0002552000216637287
0.7577415719895784,-0.0002528534372297583
0.69685986217956,-0.00025025168082700073
0.5793746626961803,-0.00024732067026911634
0.4931530679484951,-0.00024412625638514857
0.42881598067427795,-0.00024065197646498573
0.3708961606057947,-0.00023693075592340395
0.28664917034598564,-0.00023311075913279663
0.20816127244621419,-0.00022887096327858596
0.11354800290763359,-0.0002240878980457488
0.036705591733273,-0.0002187780261319293
-0.01923962324892614,-0.0002128590339874603
-0.09312020476481754,-0.0002065037800492966
-0.1630517021010111,-0.00019955586857065986
-0.24696948649135025,-0.0001919329859950997
-0.2927129010894577,-0.0001834046543630925
-0.37926338188117126,-0.00017369923893012068
-0.42977858180291123,-0.00016258626169320646
-0.5066209161963906,-0.00014910265391026662
-0.610777647811894,-0.00013133874053043184
-0.6199921450165319,-0.00010535169982573645
-0.669190977489436,-6.761027541792016e-05
-0.7552477956795225,-1.954672069136846e-05
-0.8138256670836398,3.159536472928048e-05
-0.866150844207638,7.639929903314961e-05
-0.9252223495818772,0.00011049422981202733
-1.0150636940998774,0.00013542765628648322
-1.0581743773275631,0.00015426164609517532
-1.21070722610577,0.00016925159210785343
-1.1753301341167346,0.00018119593630146845
-1.274879629169685,0.00019088488902762194
-1.448309691013318,0.00019907573510297125
-1.4116162298924466,0.00020598248981013297
-1.5244938805431378,0.00021201672091907006
-1.6210816281779803,0.00021711257762183645
-1.5988680898590377,0.0002218133293121717
-1.6776850199285442,0.0002263494539184258
-1.7207957479986757,0.0002303340777917168
-1.7546919726829895,0.00023396475343895722
-1.8478243344579204,0.0002372167868009771
-1.8934032557237481,0.00024037004391501147
-1.88517601314987,0.00024330928582758833
-1.9495130557549063,0.0002456723329701295
-1.9161104463209826,0.00024797776063575135
-2.0067746804554387,0.0002503490391313854
-2.05185999054586,0.0002521111974526808
-2.0232291723674343,0.00025392274389662807
-2.1163616147107893,0.000256038850425415
-2.1270570385711762,0.0002578174714518586
-2.157168772695985,0.00025981010767584
-2.214594985811875,0.00026182743796077405
-2.2909438972945635,0.00026330973025617485
-2.3302701781091066,0.00026500603774778464
-2.2860075445228243,0.0002673443908285634
-2.292260258051194,0.0002693205643478718
-2.2761348392890537,0.00026997972129616933
-2.256224884980398,0.0002705236392944657
-2.317600204062817,0.00027104286323287677
-2.2993356972447065,0.00027133984062672274
-2.349686503335608,0.0002722870949409072
-2.2586930610444664,0.00027389285754244794
-2.261983962502672,0.00027504589570357047
-2.3174356589499214,0.0002752111714417327
-2.218050431718998,0.00027501426763483743
-2.323359283088177,0.00027480913247462057
-2.3064111366524944,0.00027494971415272787
-2.3095374936686457,0.00027532077372510245
-2.2963738854632676,0.0002757988408914826
-2.207190459030063,0.00027613697505031703
-2.1976468470578046,0.0002763022507883459
-2.2116331750726785,0.00027645106381966823
-2.282881187820868,0.00027692089963366037
-2.32434655379271,0.00027730842191431954
-2.2491494470701916,0.0002773831527656469
-2.3475474165766985,0.00027713686084014904
-2.2257840489243588,0.0002769481883881127
-2.287159360160306,0.0002775826512714356
-2.2137722606029966,0.00027819242009468345
-2.260009421622334,0.00027869518132244374
-2.2024186529984147,0.0002790662408969775
-2.2131140804378586,0.00027923151663563
-2.1760914489347525,0.00027919100854281894
-2.0398482101540854,0.0002785084548954423
-2.0324436882484918,0.0002777271250096984
-1.9686002627729422,0.00027699518324282156
-1.8586842934679677,0.0002762961668886807
-1.7370856808414035,0.00027572885218543196
-1.7003921967217472,0.000275062761244133
-1.6447760703067444,0.0002741003415895134
-1.5773127315110786,0.00027304737705043135
-1.5258102381292233,0.0002721672709269339
-1.4652577927009556,0.00027122131397862325
-1.4622959884845534,0.00027006957320239967
-1.3668600830837847,0.0002688108248363022
-1.2732341828737375,0.00026755207647020474
-1.1889873369138901,0.0002661533951027994
-1.151142076607973,0.0002645242358505662
-1.0961841792114109,0.00026301854689355546
-1.0033810282178872,0.00026143054440687017
-0.8793144108105696,0.0002594885937425098
-0.8218883516062018,0.0002573655533140098
-0.7481723785899961,0.0002549461841832374
-0.6654064519588531,0.00025214817282341747
-0.5596042783657224,0.0002491196835869415
-0.4732183604612953,0.00024599241811792147
-0.4166150120911642,0.00024265113747997159
-0.3391144909830036,0.00023890652056390954
-0.2412104232571618,0.00023477503007870274
-0.16716531928673217,0.00023046244983845912
-0.08505751382971492,0.00022568891386535558
-0.03635227574781806,0.00022045442215904047
0.036870136494593676,0.00021495652718120695
0.12276251151836756,0.0002089482883673071
0.17130323045513102,0.00020245439977985017
0.2634483431626333,0.00019540077925677408
0.3165963399363448,0.00018749109814177552
0.3799461317053034,0.00017843725914303923
0.4263478062772587,0.00016799232175118199
0.4558013555451896,0.0001556624049476323
0.5565029008926746,0.00014014695544265174
0.6038918773700948,0.00011844976221801352
0.6843544319526401,8.658685339540102e-05
0.749349767743652,4.315890135449688e-05
0.8518614383586735,-6.8870534321625475e-06
0.8146742133880879,-5.418373847619981e-05
0.9649040626053419,-9.231070299983883e-05
1.0259503980682705,-0.00012059297541736897
1.0809085717063271,-0.00014162342941448532
1.1712440494956677,-0.0001578303123528107
1.229164089248869,-0.00017033308751362688
1.3504342382088335,-0.0001802429870613585
1.32789147634544,-0.00018849015359726637
1.427935291008989,-0.00019567547575036215
1.512840948315153,-0.00020197181188638726
1.5087273010099864,-0.0002073462365790178
1.5923166371252782,-0.00021219385472601477
1.67886785200069,-0.00021676160689138715
1.6921960857166498,-0.0002210988811890109
1.7338262562397375,-0.00022509043868076465
1.7798991873069563,-0.00022866219719274756
1.8871833611507896,-0.00023203640324171443
1.8776396733415592,-0.00023519659412133583
1.964191075544757,-0.00023855433746397233
1.9785066174673414,-0.00024192031215931604
1.982291186301008,-0.00024468539810725817
2.0403761053658673,-0.00024713769265006635
2.053046190583893,-0.00024948297960592224
2.0954992132374586,-0.0002516883335632351
2.1379522512260216,-0.000253786679933049
2.1937335922694476,-0.00025548992136073274
2.284069804612891,-0.0002568227519043631
2.291968056169369,-0.0002581555824479934
2.2985499328990855,-0.0002591838529264341
2.3130300630932297,-0.00026041790722983757
2.2947653537313846,-0.0002623269324824836
2.259223225269346,-0.00026375853925808166
2.292461696910442,-0.0002644575556121367
2.284727992220997,-0.00026540351255914464
2.237503041249633,-0.00026657171604127614
2.3484076619886483,-0.0002674188967519914
2.2452367426513624,-0.0002680109055147675
2.403201826418597,-0.00026921203440367946
2.1777725568088115,-0.0002706354098280715
2.2564259286053887,-0.0002711533364097951
2.34923039698385,-0.0002716959570508681
2.188303549026824,-0.0002722221149853411
2.3079291079202457,-0.0002720733019535521
2.2911453216058306,-0.0002718010186218382
2.3411675943005172,-0.0002723601019649128
2.316650095940918,-0.00027309204372767275
2.211669191491947,-0.00027320663400248415
2.2432621805405426,-0.00027328006751083697
2.246553117411282,-0.00027345227725851106
2.202783664916966,-0.0002739208157228368
2.2843988984164536,-0.0002735991442591244
2.25856503781268,-0.00027303053219850104
2.188303549026824,-0.0002729558013465142
2.2595523189991384,-0.000272321338463768
2.20179638422944,-0.0002715387112196997
2.3704569620286535,-0.00027171915231314096
2.322738333273489,-0.00027270626602740616
2.0546916562952577,-0.0002732324239618791
2.014377752874596,-0.00027348694724187644
1.9110425838284553,-0.0002735521493950155
1.8934361225193688,-0.00027351857530927114
1.8193902838921456,-0.00027364962829045996
1.6793614902633103,-0.0002731715611212687
1.6518822963399045,-0.00027219961274726356
1.613707616807826,-0.0002712770524942425
1.5404846612065646,-0.0002705520447245938
1.4687426551693377,-0.00026974472341990404
1.4536044381441342,-0.0002688303945202946
1.427935291008989,-0.00026788314020657455
1.3685342683130066,-0.0002667465647619894
1.3058423546882658,-0.0002654700563068321
1.2410113725636407,-0.0002641441597302863
1.152979495580779,-0.0002628182631537408
1.0754785717752537,-0.00026116311243149014
1.0221658537824037,-0.0002593597973440389
0.9435131680219171,-0.0002574906314267944
0.8592659751066514,-0.0002553745248984373
0.74276796071829,-0.00025296208963330536
0.6795826232320493,-0.0002501051612604197
0.6274218240101499,-0.0002471247625792324
0.5158602789827732,-0.00024399619952656442
0.4317777899801267,-0.00024044783741986657
0.3215326868569337,-0.00023675954229463014
0.2976736774899128,-0.0002328983887327587
0.23300754412770647,-0.00022848573444096825
0.12259796671969297,-0.00022366974379103632
0.04443919558925995,-0.0002184174913585099
-0.03816226779931671,-0.00021268782036867846
-0.07979208293913558,-0.0002064889621675731
-0.14906540342323593,-0.0001995492820434545
-0.21455418696893946,-0.00019187701133804343
-0.2736257213100849,-0.00018357915765262396
-0.34256992840200606,-0.00017431823540625262
-0.4004896389105488,-0.0001633616539225474
-0.47502835119473596,-0.00014996035970693344
-0.5337707759943207,-0.0001325339319854291
-0.5857668694072905,-0.00010729594502430975
-0.6529010631998974,-7.040235092237592e-05
-0.7549187065128125,-2.2750364440942957e-05
-0.8029657246608297,2.8432877807149263e-05
-0.8526581884592809,7.340967078422873e-05
-1.0088109996752432,0.00010750460158452264
-1.0586680111117277,0.0001324874161940855
-1.084995146512501,0.00015112385345270792
-1.2116944938085519,0.00016585039604075452
-1.2567797201048483,0.00017772065803813798
-1.3010422257564305,0.00018721205823489932
-1.4163880251525438,0.00019519712043538883
-1.4075026133199382,0.00020191455398256631
-1.5210384418963445,0.00020777592664613815
-1.568098227489742,0.000213365664609389
-1.584717243805048,0.00021845328995687382
-1.6811404597922965,0.00022277539935145545
-1.6312834017113047,0.00022688349353673184
-1.7890818348726523,0.0002310821326180802
-1.8257753278431037,0.00023481158451803694
-1.8315343965976365,0.00023827763308514153
-1.9506648699376135,0.00024182599519202662
-1.9593857488904345,0.0002447899311668287
-1.971891160656275,0.0002478197179737042
-1.9932819977809253,0.00025076719124224366
-2.032279143319443,0.0002531878578603756
-2.0398482101540854,0.00025507348648764723
-2.101717111965849,0.0002567121745023751
-2.190406865803816,0.00025805453378986373
-2.176914174020322,0.00025949566932200146
-2.2407576488867713,0.0002608709540264561
-2.2805775565932698,0.00026166181262384175
-2.2912729874830298,0.00026263376099787384
-2.3131574860557707,0.00026400081434382763
-2.3587364860016162,0.00026608399545891795
-2.2560603399103605,0.0002674345861113774
-2.26132578220742,0.00026851354208975704
-2.2055450086640183,0.0002694196396482416
-2.3032847796783793,0.0002693955942597756
-2.2555667047009225,0.00026933039210488407
-2.327966546412319,0.0002700718625917698
-2.3274729110517356,0.00027146360999793617
-2.3299410878652895,0.00027236147619102166
-2.3363583477052057,0.0002727489984710122
-2.3131574860557707,0.00027316944616483086
-2.242238554427472,0.0002734581922057423
-2.2733375728809255,0.0002730143478015994
-2.3240174635573942,0.0002725458093376311
-2.3049302307121526,0.0002731061900455926
-2.3052593209203027,0.0002739217427065265
-2.2646166837017594,0.00027403763032487864
-2.294728434489776,0.00027451569749489997
-2.362356479170019,0.0002755699594041072
-2.2298976751964195,0.0002761385714614208
-2.2271004093239224,0.00027600751848042135
-2.1767496290029955,0.0002759752417395417
-2.243225824792951,0.0002765109283808559
-2.2177213416305275,0.0002766597414177687
-2.2555667047009225,0.0002764299121981211
-2.283210277998071,0.00027665280740988847
-2.15124515259366,0.0002768263145017559
-2.158978767754284,0.00027705744106743565
-2.062884501768332,0.0002771897913936744
-1.9068959339997429,0.0002770834324723276
-1.8479888792887864,0.0002772980963309168
-1.8216617073631156,0.0002774139839499455
-1.7895754692819341,0.00027728293096857394
-1.6824568178434167,0.0002770860271610944
-1.6156516520405837,0.00027643639892730614
-1.5611873495937896,0.0002754163598006046
-1.5230129782629864,0.00027442924608638865
-1.4805604480796601,0.0002734832891377224
-1.4267543391281048,0.00027235624242103536
-1.3571519487212553,0.00027109749405487924
-1.2964349759762406,0.00026997867869114455
-1.221731715515684,0.0002687363930317947
-1.1353457944523537,0.0002672224727215502
-1.102272329397115,0.0002656344702342898
-1.035302678834062,0.0002639806169231067
-0.944967699757038,0.0002620633603180049
-0.8251792432476179,0.00025971807336247965
-0.7466914773372533,0.00025729870423113835
-0.6863036145906236,0.0002548711037469901
-0.5971204464982509,0.0002521636372676792
-0.5153417803251694,0.000249118685326055
-0.4177668244491375,0.0002457362479246166
-0.3307227143229666,0.00024190931748345584
-0.26408213120106167,0.00023776136429281324
-0.18559432388188912,0.00023341585864303984
-0.1296491293218146,0.00022876579295333298
-0.03602318628309835,0.00022371239099852735
0.015479318089864073,0.00021818157061138056
0.08080359024775736,0.00021221448855816564
0.14102698464008667,0.00020557243563562022
0.2313620956135059,0.00019821425509128633
0.3003063956726065,0.00019010702153301397
0.355264393015086,0.00018088855550338196
0.43819504358660133,0.00017018844622191854
0.4872294480062063,0.0001575457380812354
0.5402129423346336,0.00014176688535985212
0.6144227622920652,0.00011987213974610201
0.6756335402285236,8.761412623447946e-05
0.7292752569346344,4.383222626458782e-05
0.8120414897487657,-6.31250467636525e-06
0.8748977757936796,-5.394667493375312e-05
0.9532213429617968,-9.229588581037137e-05
1.018381309573672,-0.00012061931498340956
1.1208931217286484,-0.0001415592241188472
1.1585740434216003,-0.00015769202491647963
1.2345940939968552,-0.0001706310616828484
1.3246005624723363,-0.0001810842304198074
